Benchmark,Mode,Threads,Samples,Score,Score Error (99.9%),Unit,Param: branchWidth,Param: depth,Param: e,Param: f,Param: i,Param: k,Param: n,Param: r,Param: r0
costaber.com.github.omniflow.metrics.BenchmarkAwsInternalFunctionResolution.resolveAwsInternal,avgt,1,15,16.596785,0.231473,us/op,,,,1,,,1,,
costaber.com.github.omniflow.metrics.BenchmarkAwsInternalFunctionResolution.resolveAwsInternal,avgt,1,15,33.999418,0.562654,us/op,,,,1,,,5,,
costaber.com.github.omniflow.metrics.BenchmarkAwsInternalFunctionResolution.resolveAwsInternal,avgt,1,15,53.567362,0.692015,us/op,,,,1,,,10,,
costaber.com.github.omniflow.metrics.BenchmarkAwsInternalFunctionResolution.resolveAwsInternal,avgt,1,15,237.510528,3.490717,us/op,,,,1,,,50,,
costaber.com.github.omniflow.metrics.BenchmarkAwsInternalFunctionResolution.resolveAwsInternal,avgt,1,15,955.305203,9.714308,us/op,,,,1,,,200,,
costaber.com.github.omniflow.metrics.BenchmarkAwsInternalFunctionResolution.resolveAwsInternal,avgt,1,15,18.557991,0.334065,us/op,,,,2,,,1,,
costaber.com.github.omniflow.metrics.BenchmarkAwsInternalFunctionResolution.resolveAwsInternal,avgt,1,15,36.520857,0.864440,us/op,,,,2,,,5,,
costaber.com.github.omniflow.metrics.BenchmarkAwsInternalFunctionResolution.resolveAwsInternal,avgt,1,15,56.104538,0.751257,us/op,,,,2,,,10,,
costaber.com.github.omniflow.metrics.BenchmarkAwsInternalFunctionResolution.resolveAwsInternal,avgt,1,15,240.162630,1.233534,us/op,,,,2,,,50,,
costaber.com.github.omniflow.metrics.BenchmarkAwsInternalFunctionResolution.resolveAwsInternal,avgt,1,15,965.722124,28.065824,us/op,,,,2,,,200,,
costaber.com.github.omniflow.metrics.BenchmarkAwsInternalFunctionResolution.resolveAwsInternal,avgt,1,15,20.827210,1.616549,us/op,,,,5,,,1,,
costaber.com.github.omniflow.metrics.BenchmarkAwsInternalFunctionResolution.resolveAwsInternal,avgt,1,15,38.004102,0.724608,us/op,,,,5,,,5,,
costaber.com.github.omniflow.metrics.BenchmarkAwsInternalFunctionResolution.resolveAwsInternal,avgt,1,15,55.949623,0.632519,us/op,,,,5,,,10,,
costaber.com.github.omniflow.metrics.BenchmarkAwsInternalFunctionResolution.resolveAwsInternal,avgt,1,15,249.726975,2.655258,us/op,,,,5,,,50,,
costaber.com.github.omniflow.metrics.BenchmarkAwsInternalFunctionResolution.resolveAwsInternal,avgt,1,15,991.770341,18.331406,us/op,,,,5,,,200,,
costaber.com.github.omniflow.metrics.BenchmarkAwsInternalFunctionResolution.resolveAwsInternal,avgt,1,15,20.737766,0.129801,us/op,,,,10,,,1,,
costaber.com.github.omniflow.metrics.BenchmarkAwsInternalFunctionResolution.resolveAwsInternal,avgt,1,15,39.579508,0.666860,us/op,,,,10,,,5,,
costaber.com.github.omniflow.metrics.BenchmarkAwsInternalFunctionResolution.resolveAwsInternal,avgt,1,15,63.490921,2.839599,us/op,,,,10,,,10,,
costaber.com.github.omniflow.metrics.BenchmarkAwsInternalFunctionResolution.resolveAwsInternal,avgt,1,15,259.299083,1.676610,us/op,,,,10,,,50,,
costaber.com.github.omniflow.metrics.BenchmarkAwsInternalFunctionResolution.resolveAwsInternal,avgt,1,15,1005.906111,11.223981,us/op,,,,10,,,200,,
costaber.com.github.omniflow.metrics.BenchmarkAwsInternalFunctionResolution.resolveAwsInternal,avgt,1,15,22.887742,0.376954,us/op,,,,20,,,1,,
costaber.com.github.omniflow.metrics.BenchmarkAwsInternalFunctionResolution.resolveAwsInternal,avgt,1,15,43.622072,1.113224,us/op,,,,20,,,5,,
costaber.com.github.omniflow.metrics.BenchmarkAwsInternalFunctionResolution.resolveAwsInternal,avgt,1,15,66.125539,0.724340,us/op,,,,20,,,10,,
costaber.com.github.omniflow.metrics.BenchmarkAwsInternalFunctionResolution.resolveAwsInternal,avgt,1,15,262.390442,3.730542,us/op,,,,20,,,50,,
costaber.com.github.omniflow.metrics.BenchmarkAwsInternalFunctionResolution.resolveAwsInternal,avgt,1,15,1018.445323,10.177468,us/op,,,,20,,,200,,
costaber.com.github.omniflow.metrics.BenchmarkAwsInternalFunctionResolution.resolveAwsInternal,avgt,1,15,28.578093,0.124821,us/op,,,,50,,,1,,
costaber.com.github.omniflow.metrics.BenchmarkAwsInternalFunctionResolution.resolveAwsInternal,avgt,1,15,48.541507,0.445701,us/op,,,,50,,,5,,
costaber.com.github.omniflow.metrics.BenchmarkAwsInternalFunctionResolution.resolveAwsInternal,avgt,1,15,72.620000,0.733264,us/op,,,,50,,,10,,
costaber.com.github.omniflow.metrics.BenchmarkAwsInternalFunctionResolution.resolveAwsInternal,avgt,1,15,259.330471,2.880206,us/op,,,,50,,,50,,
costaber.com.github.omniflow.metrics.BenchmarkAwsInternalFunctionResolution.resolveAwsInternal,avgt,1,15,1022.258445,26.944576,us/op,,,,50,,,200,,
costaber.com.github.omniflow.metrics.BenchmarkGoogleInternalFunctionResolution.resolveGoogleInternal,avgt,1,15,20.741144,0.288392,us/op,,,,1,,,1,,
costaber.com.github.omniflow.metrics.BenchmarkGoogleInternalFunctionResolution.resolveGoogleInternal,avgt,1,15,49.680224,0.824887,us/op,,,,1,,,5,,
costaber.com.github.omniflow.metrics.BenchmarkGoogleInternalFunctionResolution.resolveGoogleInternal,avgt,1,15,74.924972,1.697832,us/op,,,,1,,,10,,
costaber.com.github.omniflow.metrics.BenchmarkGoogleInternalFunctionResolution.resolveGoogleInternal,avgt,1,15,363.599421,9.560116,us/op,,,,1,,,50,,
costaber.com.github.omniflow.metrics.BenchmarkGoogleInternalFunctionResolution.resolveGoogleInternal,avgt,1,15,1438.690982,13.149525,us/op,,,,1,,,200,,
costaber.com.github.omniflow.metrics.BenchmarkGoogleInternalFunctionResolution.resolveGoogleInternal,avgt,1,15,20.944073,0.096816,us/op,,,,2,,,1,,
costaber.com.github.omniflow.metrics.BenchmarkGoogleInternalFunctionResolution.resolveGoogleInternal,avgt,1,15,48.893906,0.122410,us/op,,,,2,,,5,,
costaber.com.github.omniflow.metrics.BenchmarkGoogleInternalFunctionResolution.resolveGoogleInternal,avgt,1,15,74.463601,2.672261,us/op,,,,2,,,10,,
costaber.com.github.omniflow.metrics.BenchmarkGoogleInternalFunctionResolution.resolveGoogleInternal,avgt,1,15,359.628732,3.663277,us/op,,,,2,,,50,,
costaber.com.github.omniflow.metrics.BenchmarkGoogleInternalFunctionResolution.resolveGoogleInternal,avgt,1,15,1444.705964,11.102273,us/op,,,,2,,,200,,
costaber.com.github.omniflow.metrics.BenchmarkGoogleInternalFunctionResolution.resolveGoogleInternal,avgt,1,15,21.538960,0.070837,us/op,,,,5,,,1,,
costaber.com.github.omniflow.metrics.BenchmarkGoogleInternalFunctionResolution.resolveGoogleInternal,avgt,1,15,49.561592,0.121649,us/op,,,,5,,,5,,
costaber.com.github.omniflow.metrics.BenchmarkGoogleInternalFunctionResolution.resolveGoogleInternal,avgt,1,15,77.360166,2.594071,us/op,,,,5,,,10,,
costaber.com.github.omniflow.metrics.BenchmarkGoogleInternalFunctionResolution.resolveGoogleInternal,avgt,1,15,354.193910,36.080171,us/op,,,,5,,,50,,
costaber.com.github.omniflow.metrics.BenchmarkGoogleInternalFunctionResolution.resolveGoogleInternal,avgt,1,15,1376.296874,20.825859,us/op,,,,5,,,200,,
costaber.com.github.omniflow.metrics.BenchmarkGoogleInternalFunctionResolution.resolveGoogleInternal,avgt,1,15,20.536062,0.204746,us/op,,,,10,,,1,,
costaber.com.github.omniflow.metrics.BenchmarkGoogleInternalFunctionResolution.resolveGoogleInternal,avgt,1,15,46.090429,0.633387,us/op,,,,10,,,5,,
costaber.com.github.omniflow.metrics.BenchmarkGoogleInternalFunctionResolution.resolveGoogleInternal,avgt,1,15,74.909367,2.774273,us/op,,,,10,,,10,,
costaber.com.github.omniflow.metrics.BenchmarkGoogleInternalFunctionResolution.resolveGoogleInternal,avgt,1,15,334.678531,6.100299,us/op,,,,10,,,50,,
costaber.com.github.omniflow.metrics.BenchmarkGoogleInternalFunctionResolution.resolveGoogleInternal,avgt,1,15,1344.426082,12.384976,us/op,,,,10,,,200,,
costaber.com.github.omniflow.metrics.BenchmarkGoogleInternalFunctionResolution.resolveGoogleInternal,avgt,1,15,23.788514,0.058223,us/op,,,,20,,,1,,
costaber.com.github.omniflow.metrics.BenchmarkGoogleInternalFunctionResolution.resolveGoogleInternal,avgt,1,15,50.443053,0.266332,us/op,,,,20,,,5,,
costaber.com.github.omniflow.metrics.BenchmarkGoogleInternalFunctionResolution.resolveGoogleInternal,avgt,1,15,80.443368,0.648587,us/op,,,,20,,,10,,
costaber.com.github.omniflow.metrics.BenchmarkGoogleInternalFunctionResolution.resolveGoogleInternal,avgt,1,15,343.987134,2.249052,us/op,,,,20,,,50,,
costaber.com.github.omniflow.metrics.BenchmarkGoogleInternalFunctionResolution.resolveGoogleInternal,avgt,1,15,1399.633946,25.142525,us/op,,,,20,,,200,,
costaber.com.github.omniflow.metrics.BenchmarkGoogleInternalFunctionResolution.resolveGoogleInternal,avgt,1,15,29.838191,0.228193,us/op,,,,50,,,1,,
costaber.com.github.omniflow.metrics.BenchmarkGoogleInternalFunctionResolution.resolveGoogleInternal,avgt,1,15,57.963358,1.258980,us/op,,,,50,,,5,,
costaber.com.github.omniflow.metrics.BenchmarkGoogleInternalFunctionResolution.resolveGoogleInternal,avgt,1,15,86.664712,10.713363,us/op,,,,50,,,10,,
costaber.com.github.omniflow.metrics.BenchmarkGoogleInternalFunctionResolution.resolveGoogleInternal,avgt,1,15,345.138327,7.019138,us/op,,,,50,,,50,,
costaber.com.github.omniflow.metrics.BenchmarkGoogleInternalFunctionResolution.resolveGoogleInternal,avgt,1,15,1376.540840,16.775668,us/op,,,,50,,,200,,
costaber.com.github.omniflow.metrics.BenchmarkInternalCallResolution.resolveAllExternal,avgt,1,15,9.810801,0.067796,us/op,,,,,,,1,,
costaber.com.github.omniflow.metrics.BenchmarkInternalCallResolution.resolveAllExternal,avgt,1,15,9.769878,0.054671,us/op,,,,,,,2,,
costaber.com.github.omniflow.metrics.BenchmarkInternalCallResolution.resolveAllExternal,avgt,1,15,9.786721,0.027421,us/op,,,,,,,5,,
costaber.com.github.omniflow.metrics.BenchmarkInternalCallResolution.resolveAllExternal,avgt,1,15,9.806292,0.022679,us/op,,,,,,,10,,
costaber.com.github.omniflow.metrics.BenchmarkInternalCallResolution.resolveAllExternal,avgt,1,15,9.823596,0.058951,us/op,,,,,,,20,,
costaber.com.github.omniflow.metrics.BenchmarkInternalCallResolution.resolveAllExternal,avgt,1,15,10.040133,0.062965,us/op,,,,,,,50,,
costaber.com.github.omniflow.metrics.BenchmarkInternalCallResolution.resolveAllExternal,avgt,1,15,10.348512,0.021785,us/op,,,,,,,100,,
costaber.com.github.omniflow.metrics.BenchmarkInternalCallResolution.resolveAllExternal,avgt,1,15,10.921610,0.056234,us/op,,,,,,,200,,
costaber.com.github.omniflow.metrics.BenchmarkInternalCallResolution.resolveAllInternal,avgt,1,15,10.070197,0.059552,us/op,,,,,,,1,,
costaber.com.github.omniflow.metrics.BenchmarkInternalCallResolution.resolveAllInternal,avgt,1,15,10.410266,0.061599,us/op,,,,,,,2,,
costaber.com.github.omniflow.metrics.BenchmarkInternalCallResolution.resolveAllInternal,avgt,1,15,11.111309,0.158200,us/op,,,,,,,5,,
costaber.com.github.omniflow.metrics.BenchmarkInternalCallResolution.resolveAllInternal,avgt,1,15,16.915061,16.820135,us/op,,,,,,,10,,
costaber.com.github.omniflow.metrics.BenchmarkInternalCallResolution.resolveAllInternal,avgt,1,15,14.470227,0.204762,us/op,,,,,,,20,,
costaber.com.github.omniflow.metrics.BenchmarkInternalCallResolution.resolveAllInternal,avgt,1,15,21.334674,0.169681,us/op,,,,,,,50,,
costaber.com.github.omniflow.metrics.BenchmarkInternalCallResolution.resolveAllInternal,avgt,1,15,32.232516,0.242554,us/op,,,,,,,100,,
costaber.com.github.omniflow.metrics.BenchmarkInternalCallResolution.resolveAllInternal,avgt,1,15,54.904422,0.192850,us/op,,,,,,,200,,
costaber.com.github.omniflow.metrics.BenchmarkInternalResolutionByBranchWidth.resolveOptimized,avgt,1,15,12.549792,0.035853,us/op,1,,,,,,,,
costaber.com.github.omniflow.metrics.BenchmarkInternalResolutionByBranchWidth.resolveOptimized,avgt,1,15,13.654829,0.054093,us/op,2,,,,,,,,
costaber.com.github.omniflow.metrics.BenchmarkInternalResolutionByBranchWidth.resolveOptimized,avgt,1,15,17.029573,0.123906,us/op,5,,,,,,,,
costaber.com.github.omniflow.metrics.BenchmarkInternalResolutionByBranchWidth.resolveOptimized,avgt,1,15,22.377252,0.292491,us/op,10,,,,,,,,
costaber.com.github.omniflow.metrics.BenchmarkInternalResolutionByBranchWidth.resolveOptimized,avgt,1,15,33.176201,0.119531,us/op,20,,,,,,,,
costaber.com.github.omniflow.metrics.BenchmarkInternalResolutionByBranchWidth.resolveOptimized,avgt,1,15,65.204417,0.185964,us/op,50,,,,,,,,
costaber.com.github.omniflow.metrics.BenchmarkInternalResolutionByBranchWidth.resolveOptimized,avgt,1,15,119.182756,1.126018,us/op,100,,,,,,,,
costaber.com.github.omniflow.metrics.BenchmarkInternalResolutionByNesting.resolveOptimized,avgt,1,15,15.930363,0.058852,us/op,,0,,,,,,,
costaber.com.github.omniflow.metrics.BenchmarkInternalResolutionByNesting.resolveOptimized,avgt,1,15,15.764546,0.104291,us/op,,1,,,,,,,
costaber.com.github.omniflow.metrics.BenchmarkInternalResolutionByNesting.resolveOptimized,avgt,1,15,68.976247,40.803697,us/op,,2,,,,,,,
costaber.com.github.omniflow.metrics.BenchmarkInternalResolutionByNesting.resolveOptimized,avgt,1,15,19.210250,0.957803,us/op,,3,,,,,,,
costaber.com.github.omniflow.metrics.BenchmarkInternalResolutionByNesting.resolveOptimized,avgt,1,15,17.136489,4.131703,us/op,,4,,,,,,,
costaber.com.github.omniflow.metrics.BenchmarkInternalResolutionByNesting.resolveOptimized,avgt,1,15,15.854281,0.071029,us/op,,5,,,,,,,
costaber.com.github.omniflow.metrics.BenchmarkRegistryMissAndDeploy.missThenDeployKSequential,avgt,1,15,57.185897,0.499058,us/op,,,,,,1,,,0
costaber.com.github.omniflow.metrics.BenchmarkRegistryMissAndDeploy.missThenDeployKSequential,avgt,1,15,62.721405,0.899592,us/op,,,,,,1,,,10
costaber.com.github.omniflow.metrics.BenchmarkRegistryMissAndDeploy.missThenDeployKSequential,avgt,1,15,90.210697,7.520632,us/op,,,,,,1,,,50
costaber.com.github.omniflow.metrics.BenchmarkRegistryMissAndDeploy.missThenDeployKSequential,avgt,1,15,164.150521,2.398812,us/op,,,,,,1,,,200
costaber.com.github.omniflow.metrics.BenchmarkRegistryMissAndDeploy.missThenDeployKSequential,avgt,1,15,686.252099,4.854439,us/op,,,,,,1,,,1000
costaber.com.github.omniflow.metrics.BenchmarkRegistryMissAndDeploy.missThenDeployKSequential,avgt,1,15,298.020909,3.475107,us/op,,,,,,5,,,0
costaber.com.github.omniflow.metrics.BenchmarkRegistryMissAndDeploy.missThenDeployKSequential,avgt,1,15,323.260834,3.557510,us/op,,,,,,5,,,10
costaber.com.github.omniflow.metrics.BenchmarkRegistryMissAndDeploy.missThenDeployKSequential,avgt,1,15,426.771267,19.018401,us/op,,,,,,5,,,50
costaber.com.github.omniflow.metrics.BenchmarkRegistryMissAndDeploy.missThenDeployKSequential,avgt,1,15,769.464791,2.860739,us/op,,,,,,5,,,200
costaber.com.github.omniflow.metrics.BenchmarkRegistryMissAndDeploy.missThenDeployKSequential,avgt,1,15,2900.917128,18.119905,us/op,,,,,,5,,,1000
costaber.com.github.omniflow.metrics.BenchmarkRegistryMissAndDeploy.missThenDeployKSequential,avgt,1,15,597.028130,14.521540,us/op,,,,,,10,,,0
costaber.com.github.omniflow.metrics.BenchmarkRegistryMissAndDeploy.missThenDeployKSequential,avgt,1,15,873.951816,731.876446,us/op,,,,,,10,,,10
costaber.com.github.omniflow.metrics.BenchmarkRegistryMissAndDeploy.missThenDeployKSequential,avgt,1,15,972.971632,55.716248,us/op,,,,,,10,,,50
costaber.com.github.omniflow.metrics.BenchmarkRegistryMissAndDeploy.missThenDeployKSequential,avgt,1,15,1557.260854,48.839997,us/op,,,,,,10,,,200
costaber.com.github.omniflow.metrics.BenchmarkRegistryMissAndDeploy.missThenDeployKSequential,avgt,1,15,5751.476548,76.303340,us/op,,,,,,10,,,1000
costaber.com.github.omniflow.metrics.BenchmarkRegistryMissAndDeploy.missThenDeployKSequential,avgt,1,15,3265.046817,32.417080,us/op,,,,,,50,,,0
costaber.com.github.omniflow.metrics.BenchmarkRegistryMissAndDeploy.missThenDeployKSequential,avgt,1,15,3509.553992,124.898062,us/op,,,,,,50,,,10
costaber.com.github.omniflow.metrics.BenchmarkRegistryMissAndDeploy.missThenDeployKSequential,avgt,1,15,5051.263998,556.206713,us/op,,,,,,50,,,50
costaber.com.github.omniflow.metrics.BenchmarkRegistryMissAndDeploy.missThenDeployKSequential,avgt,1,15,8144.192008,170.054254,us/op,,,,,,50,,,200
costaber.com.github.omniflow.metrics.BenchmarkRegistryMissAndDeploy.missThenDeployKSequential,avgt,1,15,28694.154379,387.089035,us/op,,,,,,50,,,1000
costaber.com.github.omniflow.metrics.BenchmarkRegistryMissAndDeploy.missThenDeployKSequential,avgt,1,15,8369.385097,873.890428,us/op,,,,,,100,,,0
costaber.com.github.omniflow.metrics.BenchmarkRegistryMissAndDeploy.missThenDeployKSequential,avgt,1,15,8306.634302,382.462662,us/op,,,,,,100,,,10
costaber.com.github.omniflow.metrics.BenchmarkRegistryMissAndDeploy.missThenDeployKSequential,avgt,1,15,10515.643263,828.452621,us/op,,,,,,100,,,50
costaber.com.github.omniflow.metrics.BenchmarkRegistryMissAndDeploy.missThenDeployKSequential,avgt,1,15,17689.301427,305.348933,us/op,,,,,,100,,,200
costaber.com.github.omniflow.metrics.BenchmarkRegistryMissAndDeploy.missThenDeployKSequential,avgt,1,15,58571.572868,489.806116,us/op,,,,,,100,,,1000
costaber.com.github.omniflow.metrics.BenchmarkRegistryScaling.resolveAllExternal,avgt,1,15,0.010336,0.001341,us/op,,,,,,,1,1,
costaber.com.github.omniflow.metrics.BenchmarkRegistryScaling.resolveAllExternal,avgt,1,15,0.012697,0.001178,us/op,,,,,,,1,10,
costaber.com.github.omniflow.metrics.BenchmarkRegistryScaling.resolveAllExternal,avgt,1,15,0.012627,0.000421,us/op,,,,,,,1,50,
costaber.com.github.omniflow.metrics.BenchmarkRegistryScaling.resolveAllExternal,avgt,1,15,0.014245,0.002292,us/op,,,,,,,1,200,
costaber.com.github.omniflow.metrics.BenchmarkRegistryScaling.resolveAllExternal,avgt,1,15,0.017199,0.000082,us/op,,,,,,,1,1000,
costaber.com.github.omniflow.metrics.BenchmarkRegistryScaling.resolveAllExternal,avgt,1,15,0.063007,0.003125,us/op,,,,,,,10,1,
costaber.com.github.omniflow.metrics.BenchmarkRegistryScaling.resolveAllExternal,avgt,1,15,0.063133,0.002554,us/op,,,,,,,10,10,
costaber.com.github.omniflow.metrics.BenchmarkRegistryScaling.resolveAllExternal,avgt,1,15,0.063826,0.001750,us/op,,,,,,,10,50,
costaber.com.github.omniflow.metrics.BenchmarkRegistryScaling.resolveAllExternal,avgt,1,15,0.063172,0.002232,us/op,,,,,,,10,200,
costaber.com.github.omniflow.metrics.BenchmarkRegistryScaling.resolveAllExternal,avgt,1,15,0.058052,0.010718,us/op,,,,,,,10,1000,
costaber.com.github.omniflow.metrics.BenchmarkRegistryScaling.resolveAllExternal,avgt,1,15,0.121362,0.001908,us/op,,,,,,,50,1,
costaber.com.github.omniflow.metrics.BenchmarkRegistryScaling.resolveAllExternal,avgt,1,15,0.141887,0.034410,us/op,,,,,,,50,10,
costaber.com.github.omniflow.metrics.BenchmarkRegistryScaling.resolveAllExternal,avgt,1,15,0.119072,0.000955,us/op,,,,,,,50,50,
costaber.com.github.omniflow.metrics.BenchmarkRegistryScaling.resolveAllExternal,avgt,1,15,0.178204,0.090632,us/op,,,,,,,50,200,
costaber.com.github.omniflow.metrics.BenchmarkRegistryScaling.resolveAllExternal,avgt,1,15,0.156003,0.056700,us/op,,,,,,,50,1000,
costaber.com.github.omniflow.metrics.BenchmarkRegistryScaling.resolveAllExternal,avgt,1,15,0.795201,0.077551,us/op,,,,,,,200,1,
costaber.com.github.omniflow.metrics.BenchmarkRegistryScaling.resolveAllExternal,avgt,1,15,0.837747,0.012407,us/op,,,,,,,200,10,
costaber.com.github.omniflow.metrics.BenchmarkRegistryScaling.resolveAllExternal,avgt,1,15,0.800993,0.072411,us/op,,,,,,,200,50,
costaber.com.github.omniflow.metrics.BenchmarkRegistryScaling.resolveAllExternal,avgt,1,15,0.791560,0.069325,us/op,,,,,,,200,200,
costaber.com.github.omniflow.metrics.BenchmarkRegistryScaling.resolveAllExternal,avgt,1,15,0.860895,0.163469,us/op,,,,,,,200,1000,
costaber.com.github.omniflow.metrics.BenchmarkRegistryScaling.resolveAllInternal,avgt,1,15,11.523126,0.104202,us/op,,,,,,,1,1,
costaber.com.github.omniflow.metrics.BenchmarkRegistryScaling.resolveAllInternal,avgt,1,15,12.830677,0.925258,us/op,,,,,,,1,10,
costaber.com.github.omniflow.metrics.BenchmarkRegistryScaling.resolveAllInternal,avgt,1,15,18.246096,0.116668,us/op,,,,,,,1,50,
costaber.com.github.omniflow.metrics.BenchmarkRegistryScaling.resolveAllInternal,avgt,1,15,44.287992,0.209973,us/op,,,,,,,1,200,
costaber.com.github.omniflow.metrics.BenchmarkRegistryScaling.resolveAllInternal,avgt,1,15,183.388225,1.601679,us/op,,,,,,,1,1000,
costaber.com.github.omniflow.metrics.BenchmarkRegistryScaling.resolveAllInternal,avgt,1,15,101.312542,0.780033,us/op,,,,,,,10,1,
costaber.com.github.omniflow.metrics.BenchmarkRegistryScaling.resolveAllInternal,avgt,1,15,115.599724,0.295885,us/op,,,,,,,10,10,
costaber.com.github.omniflow.metrics.BenchmarkRegistryScaling.resolveAllInternal,avgt,1,15,183.846548,0.967801,us/op,,,,,,,10,50,
costaber.com.github.omniflow.metrics.BenchmarkRegistryScaling.resolveAllInternal,avgt,1,15,445.863677,1.659016,us/op,,,,,,,10,200,
costaber.com.github.omniflow.metrics.BenchmarkRegistryScaling.resolveAllInternal,avgt,1,15,1838.265103,15.653257,us/op,,,,,,,10,1000,
costaber.com.github.omniflow.metrics.BenchmarkRegistryScaling.resolveAllInternal,avgt,1,15,509.039706,2.513645,us/op,,,,,,,50,1,
costaber.com.github.omniflow.metrics.BenchmarkRegistryScaling.resolveAllInternal,avgt,1,15,578.667909,1.097343,us/op,,,,,,,50,10,
costaber.com.github.omniflow.metrics.BenchmarkRegistryScaling.resolveAllInternal,avgt,1,15,917.003035,4.761959,us/op,,,,,,,50,50,
costaber.com.github.omniflow.metrics.BenchmarkRegistryScaling.resolveAllInternal,avgt,1,15,2227.398933,15.426967,us/op,,,,,,,50,200,
costaber.com.github.omniflow.metrics.BenchmarkRegistryScaling.resolveAllInternal,avgt,1,15,9171.565385,26.018719,us/op,,,,,,,50,1000,
costaber.com.github.omniflow.metrics.BenchmarkRegistryScaling.resolveAllInternal,avgt,1,15,2017.525571,8.099423,us/op,,,,,,,200,1,
costaber.com.github.omniflow.metrics.BenchmarkRegistryScaling.resolveAllInternal,avgt,1,15,2321.644160,12.704350,us/op,,,,,,,200,10,
costaber.com.github.omniflow.metrics.BenchmarkRegistryScaling.resolveAllInternal,avgt,1,15,3668.341075,12.189342,us/op,,,,,,,200,50,
costaber.com.github.omniflow.metrics.BenchmarkRegistryScaling.resolveAllInternal,avgt,1,15,8886.086188,28.930915,us/op,,,,,,,200,200,
costaber.com.github.omniflow.metrics.BenchmarkRegistryScaling.resolveAllInternal,avgt,1,15,36551.922914,469.893744,us/op,,,,,,,200,1000,
costaber.com.github.omniflow.metrics.BenchmarkRegistryWriteScaling.putKSequential,avgt,1,15,45.465544,0.846118,us/op,,,,,,1,,,0
costaber.com.github.omniflow.metrics.BenchmarkRegistryWriteScaling.putKSequential,avgt,1,15,48.197635,0.966176,us/op,,,,,,1,,,10
costaber.com.github.omniflow.metrics.BenchmarkRegistryWriteScaling.putKSequential,avgt,1,15,63.825009,6.339349,us/op,,,,,,1,,,50
costaber.com.github.omniflow.metrics.BenchmarkRegistryWriteScaling.putKSequential,avgt,1,15,114.086891,2.916674,us/op,,,,,,1,,,200
costaber.com.github.omniflow.metrics.BenchmarkRegistryWriteScaling.putKSequential,avgt,1,15,489.803709,7.391943,us/op,,,,,,1,,,1000
costaber.com.github.omniflow.metrics.BenchmarkRegistryWriteScaling.putKSequential,avgt,1,15,223.944528,2.841291,us/op,,,,,,5,,,0
costaber.com.github.omniflow.metrics.BenchmarkRegistryWriteScaling.putKSequential,avgt,1,15,241.944596,5.695693,us/op,,,,,,5,,,10
costaber.com.github.omniflow.metrics.BenchmarkRegistryWriteScaling.putKSequential,avgt,1,15,329.011386,28.311166,us/op,,,,,,5,,,50
costaber.com.github.omniflow.metrics.BenchmarkRegistryWriteScaling.putKSequential,avgt,1,15,529.301301,11.397048,us/op,,,,,,5,,,200
costaber.com.github.omniflow.metrics.BenchmarkRegistryWriteScaling.putKSequential,avgt,1,15,1945.233983,105.526259,us/op,,,,,,5,,,1000
costaber.com.github.omniflow.metrics.BenchmarkRegistryWriteScaling.putKSequential,avgt,1,15,463.066866,12.908802,us/op,,,,,,10,,,0
costaber.com.github.omniflow.metrics.BenchmarkRegistryWriteScaling.putKSequential,avgt,1,15,496.014740,10.599653,us/op,,,,,,10,,,10
costaber.com.github.omniflow.metrics.BenchmarkRegistryWriteScaling.putKSequential,avgt,1,15,639.845986,59.757350,us/op,,,,,,10,,,50
costaber.com.github.omniflow.metrics.BenchmarkRegistryWriteScaling.putKSequential,avgt,1,15,1041.331128,17.395951,us/op,,,,,,10,,,200
costaber.com.github.omniflow.metrics.BenchmarkRegistryWriteScaling.putKSequential,avgt,1,15,3750.985437,196.235175,us/op,,,,,,10,,,1000
costaber.com.github.omniflow.metrics.BenchmarkRegistryWriteScaling.putKSequential,avgt,1,15,2516.816468,23.803491,us/op,,,,,,50,,,0
costaber.com.github.omniflow.metrics.BenchmarkRegistryWriteScaling.putKSequential,avgt,1,15,2705.645108,123.827123,us/op,,,,,,50,,,10
costaber.com.github.omniflow.metrics.BenchmarkRegistryWriteScaling.putKSequential,avgt,1,15,3650.295990,525.088573,us/op,,,,,,50,,,50
costaber.com.github.omniflow.metrics.BenchmarkRegistryWriteScaling.putKSequential,avgt,1,15,5362.805007,39.960979,us/op,,,,,,50,,,200
costaber.com.github.omniflow.metrics.BenchmarkRegistryWriteScaling.putKSequential,avgt,1,15,17941.714232,319.189540,us/op,,,,,,50,,,1000
costaber.com.github.omniflow.metrics.BenchmarkRegistryWriteScaling.putKSequential,avgt,1,15,5914.228048,524.296002,us/op,,,,,,100,,,0
costaber.com.github.omniflow.metrics.BenchmarkRegistryWriteScaling.putKSequential,avgt,1,15,6693.485980,783.706885,us/op,,,,,,100,,,10
costaber.com.github.omniflow.metrics.BenchmarkRegistryWriteScaling.putKSequential,avgt,1,15,7594.319151,819.697722,us/op,,,,,,100,,,50
costaber.com.github.omniflow.metrics.BenchmarkRegistryWriteScaling.putKSequential,avgt,1,15,11515.311954,95.372236,us/op,,,,,,100,,,200
costaber.com.github.omniflow.metrics.BenchmarkRegistryWriteScaling.putKSequential,avgt,1,15,36194.709307,121.140896,us/op,,,,,,100,,,1000
costaber.com.github.omniflow.metrics.BenchmarkResolutionKeyMatchStrategy.resolveExactMatch,avgt,1,15,22.546525,0.095802,us/op,,,,,,,,10,
costaber.com.github.omniflow.metrics.BenchmarkResolutionKeyMatchStrategy.resolveExactMatch,avgt,1,15,24.221691,0.260221,us/op,,,,,,,,20,
costaber.com.github.omniflow.metrics.BenchmarkResolutionKeyMatchStrategy.resolveExactMatch,avgt,1,15,29.194471,0.069860,us/op,,,,,,,,50,
costaber.com.github.omniflow.metrics.BenchmarkResolutionKeyMatchStrategy.resolveExactMatch,avgt,1,15,38.203933,0.242059,us/op,,,,,,,,100,
costaber.com.github.omniflow.metrics.BenchmarkResolutionKeyMatchStrategy.resolveExactMatch,avgt,1,15,55.021314,0.187698,us/op,,,,,,,,200,
costaber.com.github.omniflow.metrics.BenchmarkResolutionKeyMatchStrategy.resolveExactMatch,avgt,1,15,200.582449,3.392453,us/op,,,,,,,,1000,
costaber.com.github.omniflow.metrics.BenchmarkResolutionKeyMatchStrategy.resolveSuffixMatch,avgt,1,15,28.753529,0.314210,us/op,,,,,,,,10,
costaber.com.github.omniflow.metrics.BenchmarkResolutionKeyMatchStrategy.resolveSuffixMatch,avgt,1,15,32.640847,0.255664,us/op,,,,,,,,20,
costaber.com.github.omniflow.metrics.BenchmarkResolutionKeyMatchStrategy.resolveSuffixMatch,avgt,1,15,40.181322,0.223186,us/op,,,,,,,,50,
costaber.com.github.omniflow.metrics.BenchmarkResolutionKeyMatchStrategy.resolveSuffixMatch,avgt,1,15,58.946850,0.387171,us/op,,,,,,,,100,
costaber.com.github.omniflow.metrics.BenchmarkResolutionKeyMatchStrategy.resolveSuffixMatch,avgt,1,15,92.556665,0.282754,us/op,,,,,,,,200,
costaber.com.github.omniflow.metrics.BenchmarkResolutionKeyMatchStrategy.resolveSuffixMatch,avgt,1,15,391.066903,5.713027,us/op,,,,,,,,1000,
costaber.com.github.omniflow.metrics.BenchmarkResolutionOptimization.resolveNaive,avgt,1,15,9.823852,0.049334,us/op,,,,,,,1,1,
costaber.com.github.omniflow.metrics.BenchmarkResolutionOptimization.resolveNaive,avgt,1,15,17.945406,0.068189,us/op,,,,,,,1,50,
costaber.com.github.omniflow.metrics.BenchmarkResolutionOptimization.resolveNaive,avgt,1,15,183.483093,0.757022,us/op,,,,,,,1,1000,
costaber.com.github.omniflow.metrics.BenchmarkResolutionOptimization.resolveNaive,avgt,1,15,98.018792,0.580791,us/op,,,,,,,10,1,
costaber.com.github.omniflow.metrics.BenchmarkResolutionOptimization.resolveNaive,avgt,1,15,180.049391,1.297442,us/op,,,,,,,10,50,
costaber.com.github.omniflow.metrics.BenchmarkResolutionOptimization.resolveNaive,avgt,1,15,1838.845523,13.553705,us/op,,,,,,,10,1000,
costaber.com.github.omniflow.metrics.BenchmarkResolutionOptimization.resolveNaive,avgt,1,15,491.534136,4.659972,us/op,,,,,,,50,1,
costaber.com.github.omniflow.metrics.BenchmarkResolutionOptimization.resolveNaive,avgt,1,15,901.439319,5.569259,us/op,,,,,,,50,50,
costaber.com.github.omniflow.metrics.BenchmarkResolutionOptimization.resolveNaive,avgt,1,15,9238.915600,194.472590,us/op,,,,,,,50,1000,
costaber.com.github.omniflow.metrics.BenchmarkResolutionOptimization.resolveNaive,avgt,1,15,1999.011183,29.545174,us/op,,,,,,,200,1,
costaber.com.github.omniflow.metrics.BenchmarkResolutionOptimization.resolveNaive,avgt,1,15,3629.516469,20.134413,us/op,,,,,,,200,50,
costaber.com.github.omniflow.metrics.BenchmarkResolutionOptimization.resolveNaive,avgt,1,15,36670.467860,277.581558,us/op,,,,,,,200,1000,
costaber.com.github.omniflow.metrics.BenchmarkResolutionOptimization.resolveOptimized,avgt,1,15,9.997357,0.088610,us/op,,,,,,,1,1,
costaber.com.github.omniflow.metrics.BenchmarkResolutionOptimization.resolveOptimized,avgt,1,15,18.435385,0.208608,us/op,,,,,,,1,50,
costaber.com.github.omniflow.metrics.BenchmarkResolutionOptimization.resolveOptimized,avgt,1,15,182.252891,0.323919,us/op,,,,,,,1,1000,
costaber.com.github.omniflow.metrics.BenchmarkResolutionOptimization.resolveOptimized,avgt,1,15,9.983046,0.089402,us/op,,,,,,,10,1,
costaber.com.github.omniflow.metrics.BenchmarkResolutionOptimization.resolveOptimized,avgt,1,15,18.323884,0.152707,us/op,,,,,,,10,50,
costaber.com.github.omniflow.metrics.BenchmarkResolutionOptimization.resolveOptimized,avgt,1,15,182.929344,0.423323,us/op,,,,,,,10,1000,
costaber.com.github.omniflow.metrics.BenchmarkResolutionOptimization.resolveOptimized,avgt,1,15,10.080300,0.119630,us/op,,,,,,,50,1,
costaber.com.github.omniflow.metrics.BenchmarkResolutionOptimization.resolveOptimized,avgt,1,15,18.485105,0.145409,us/op,,,,,,,50,50,
costaber.com.github.omniflow.metrics.BenchmarkResolutionOptimization.resolveOptimized,avgt,1,15,181.775674,0.834497,us/op,,,,,,,50,1000,
costaber.com.github.omniflow.metrics.BenchmarkResolutionOptimization.resolveOptimized,avgt,1,15,10.334522,0.075713,us/op,,,,,,,200,1,
costaber.com.github.omniflow.metrics.BenchmarkResolutionOptimization.resolveOptimized,avgt,1,15,18.500687,0.233757,us/op,,,,,,,200,50,
costaber.com.github.omniflow.metrics.BenchmarkResolutionOptimization.resolveOptimized,avgt,1,15,183.699981,1.350686,us/op,,,,,,,200,1000,
costaber.com.github.omniflow.metrics.BenchmarkResolveWorkflowByFunctionsAndCalls.resolveNaive,avgt,1,15,10.425764,0.181173,us/op,,,,1,,,1,,
costaber.com.github.omniflow.metrics.BenchmarkResolveWorkflowByFunctionsAndCalls.resolveNaive,avgt,1,15,52.270823,0.458433,us/op,,,,1,,,5,,
costaber.com.github.omniflow.metrics.BenchmarkResolveWorkflowByFunctionsAndCalls.resolveNaive,avgt,1,15,104.610689,0.935412,us/op,,,,1,,,10,,
costaber.com.github.omniflow.metrics.BenchmarkResolveWorkflowByFunctionsAndCalls.resolveNaive,avgt,1,15,524.586419,2.807504,us/op,,,,1,,,50,,
costaber.com.github.omniflow.metrics.BenchmarkResolveWorkflowByFunctionsAndCalls.resolveNaive,avgt,1,15,2069.199963,19.637537,us/op,,,,1,,,200,,
costaber.com.github.omniflow.metrics.BenchmarkResolveWorkflowByFunctionsAndCalls.resolveNaive,avgt,1,15,10.762152,0.104343,us/op,,,,2,,,1,,
costaber.com.github.omniflow.metrics.BenchmarkResolveWorkflowByFunctionsAndCalls.resolveNaive,avgt,1,15,52.971827,0.376206,us/op,,,,2,,,5,,
costaber.com.github.omniflow.metrics.BenchmarkResolveWorkflowByFunctionsAndCalls.resolveNaive,avgt,1,15,106.338870,1.395779,us/op,,,,2,,,10,,
costaber.com.github.omniflow.metrics.BenchmarkResolveWorkflowByFunctionsAndCalls.resolveNaive,avgt,1,15,533.763997,3.087023,us/op,,,,2,,,50,,
costaber.com.github.omniflow.metrics.BenchmarkResolveWorkflowByFunctionsAndCalls.resolveNaive,avgt,1,15,2142.440674,28.049919,us/op,,,,2,,,200,,
costaber.com.github.omniflow.metrics.BenchmarkResolveWorkflowByFunctionsAndCalls.resolveNaive,avgt,1,15,11.053960,0.170568,us/op,,,,5,,,1,,
costaber.com.github.omniflow.metrics.BenchmarkResolveWorkflowByFunctionsAndCalls.resolveNaive,avgt,1,15,53.894428,0.263446,us/op,,,,5,,,5,,
costaber.com.github.omniflow.metrics.BenchmarkResolveWorkflowByFunctionsAndCalls.resolveNaive,avgt,1,15,107.991836,1.096331,us/op,,,,5,,,10,,
costaber.com.github.omniflow.metrics.BenchmarkResolveWorkflowByFunctionsAndCalls.resolveNaive,avgt,1,15,542.578233,5.091880,us/op,,,,5,,,50,,
costaber.com.github.omniflow.metrics.BenchmarkResolveWorkflowByFunctionsAndCalls.resolveNaive,avgt,1,15,2149.805554,16.733971,us/op,,,,5,,,200,,
costaber.com.github.omniflow.metrics.BenchmarkResolveWorkflowByFunctionsAndCalls.resolveNaive,avgt,1,15,11.583339,0.045027,us/op,,,,10,,,1,,
costaber.com.github.omniflow.metrics.BenchmarkResolveWorkflowByFunctionsAndCalls.resolveNaive,avgt,1,15,58.515147,0.394298,us/op,,,,10,,,5,,
costaber.com.github.omniflow.metrics.BenchmarkResolveWorkflowByFunctionsAndCalls.resolveNaive,avgt,1,15,116.146724,0.564503,us/op,,,,10,,,10,,
costaber.com.github.omniflow.metrics.BenchmarkResolveWorkflowByFunctionsAndCalls.resolveNaive,avgt,1,15,582.241567,0.860996,us/op,,,,10,,,50,,
costaber.com.github.omniflow.metrics.BenchmarkResolveWorkflowByFunctionsAndCalls.resolveNaive,avgt,1,15,2333.220691,8.449609,us/op,,,,10,,,200,,
costaber.com.github.omniflow.metrics.BenchmarkResolveWorkflowByFunctionsAndCalls.resolveNaive,avgt,1,15,13.336049,0.084826,us/op,,,,20,,,1,,
costaber.com.github.omniflow.metrics.BenchmarkResolveWorkflowByFunctionsAndCalls.resolveNaive,avgt,1,15,66.610951,0.495542,us/op,,,,20,,,5,,
costaber.com.github.omniflow.metrics.BenchmarkResolveWorkflowByFunctionsAndCalls.resolveNaive,avgt,1,15,133.056866,1.452346,us/op,,,,20,,,10,,
costaber.com.github.omniflow.metrics.BenchmarkResolveWorkflowByFunctionsAndCalls.resolveNaive,avgt,1,15,665.036024,3.817742,us/op,,,,20,,,50,,
costaber.com.github.omniflow.metrics.BenchmarkResolveWorkflowByFunctionsAndCalls.resolveNaive,avgt,1,15,2649.763804,19.537793,us/op,,,,20,,,200,,
costaber.com.github.omniflow.metrics.BenchmarkResolveWorkflowByFunctionsAndCalls.resolveNaive,avgt,1,15,18.675866,0.151814,us/op,,,,50,,,1,,
costaber.com.github.omniflow.metrics.BenchmarkResolveWorkflowByFunctionsAndCalls.resolveNaive,avgt,1,15,92.512245,0.551852,us/op,,,,50,,,5,,
costaber.com.github.omniflow.metrics.BenchmarkResolveWorkflowByFunctionsAndCalls.resolveNaive,avgt,1,15,185.428944,0.542749,us/op,,,,50,,,10,,
costaber.com.github.omniflow.metrics.BenchmarkResolveWorkflowByFunctionsAndCalls.resolveNaive,avgt,1,15,929.286482,7.425320,us/op,,,,50,,,50,,
costaber.com.github.omniflow.metrics.BenchmarkResolveWorkflowByFunctionsAndCalls.resolveNaive,avgt,1,15,3693.872512,15.949074,us/op,,,,50,,,200,,
costaber.com.github.omniflow.metrics.BenchmarkResolveWorkflowByFunctionsAndCalls.resolveOptimized,avgt,1,15,10.202734,0.064082,us/op,,,,1,,,1,,
costaber.com.github.omniflow.metrics.BenchmarkResolveWorkflowByFunctionsAndCalls.resolveOptimized,avgt,1,15,11.083067,0.085591,us/op,,,,1,,,5,,
costaber.com.github.omniflow.metrics.BenchmarkResolveWorkflowByFunctionsAndCalls.resolveOptimized,avgt,1,15,12.161147,0.037823,us/op,,,,1,,,10,,
costaber.com.github.omniflow.metrics.BenchmarkResolveWorkflowByFunctionsAndCalls.resolveOptimized,avgt,1,15,20.701589,0.158005,us/op,,,,1,,,50,,
costaber.com.github.omniflow.metrics.BenchmarkResolveWorkflowByFunctionsAndCalls.resolveOptimized,avgt,1,15,54.700527,0.525390,us/op,,,,1,,,200,,
costaber.com.github.omniflow.metrics.BenchmarkResolveWorkflowByFunctionsAndCalls.resolveOptimized,avgt,1,15,10.383647,0.094760,us/op,,,,2,,,1,,
costaber.com.github.omniflow.metrics.BenchmarkResolveWorkflowByFunctionsAndCalls.resolveOptimized,avgt,1,15,11.211380,0.048009,us/op,,,,2,,,5,,
costaber.com.github.omniflow.metrics.BenchmarkResolveWorkflowByFunctionsAndCalls.resolveOptimized,avgt,1,15,12.211347,0.036567,us/op,,,,2,,,10,,
costaber.com.github.omniflow.metrics.BenchmarkResolveWorkflowByFunctionsAndCalls.resolveOptimized,avgt,1,15,21.137001,0.155183,us/op,,,,2,,,50,,
costaber.com.github.omniflow.metrics.BenchmarkResolveWorkflowByFunctionsAndCalls.resolveOptimized,avgt,1,15,54.075740,0.950436,us/op,,,,2,,,200,,
costaber.com.github.omniflow.metrics.BenchmarkResolveWorkflowByFunctionsAndCalls.resolveOptimized,avgt,1,15,10.744996,0.066715,us/op,,,,5,,,1,,
costaber.com.github.omniflow.metrics.BenchmarkResolveWorkflowByFunctionsAndCalls.resolveOptimized,avgt,1,15,11.625547,0.072581,us/op,,,,5,,,5,,
costaber.com.github.omniflow.metrics.BenchmarkResolveWorkflowByFunctionsAndCalls.resolveOptimized,avgt,1,15,12.698308,0.058242,us/op,,,,5,,,10,,
costaber.com.github.omniflow.metrics.BenchmarkResolveWorkflowByFunctionsAndCalls.resolveOptimized,avgt,1,15,21.458903,0.099285,us/op,,,,5,,,50,,
costaber.com.github.omniflow.metrics.BenchmarkResolveWorkflowByFunctionsAndCalls.resolveOptimized,avgt,1,15,54.114961,0.352065,us/op,,,,5,,,200,,
costaber.com.github.omniflow.metrics.BenchmarkResolveWorkflowByFunctionsAndCalls.resolveOptimized,avgt,1,15,11.530848,0.071496,us/op,,,,10,,,1,,
costaber.com.github.omniflow.metrics.BenchmarkResolveWorkflowByFunctionsAndCalls.resolveOptimized,avgt,1,15,12.687785,0.079484,us/op,,,,10,,,5,,
costaber.com.github.omniflow.metrics.BenchmarkResolveWorkflowByFunctionsAndCalls.resolveOptimized,avgt,1,15,13.754082,0.050921,us/op,,,,10,,,10,,
costaber.com.github.omniflow.metrics.BenchmarkResolveWorkflowByFunctionsAndCalls.resolveOptimized,avgt,1,15,22.524119,0.125132,us/op,,,,10,,,50,,
costaber.com.github.omniflow.metrics.BenchmarkResolveWorkflowByFunctionsAndCalls.resolveOptimized,avgt,1,15,55.808617,0.428947,us/op,,,,10,,,200,,
costaber.com.github.omniflow.metrics.BenchmarkResolveWorkflowByFunctionsAndCalls.resolveOptimized,avgt,1,15,13.378015,0.070187,us/op,,,,20,,,1,,
costaber.com.github.omniflow.metrics.BenchmarkResolveWorkflowByFunctionsAndCalls.resolveOptimized,avgt,1,15,14.193090,0.075840,us/op,,,,20,,,5,,
costaber.com.github.omniflow.metrics.BenchmarkResolveWorkflowByFunctionsAndCalls.resolveOptimized,avgt,1,15,15.225057,0.056438,us/op,,,,20,,,10,,
costaber.com.github.omniflow.metrics.BenchmarkResolveWorkflowByFunctionsAndCalls.resolveOptimized,avgt,1,15,24.032050,0.088331,us/op,,,,20,,,50,,
costaber.com.github.omniflow.metrics.BenchmarkResolveWorkflowByFunctionsAndCalls.resolveOptimized,avgt,1,15,57.879274,0.199473,us/op,,,,20,,,200,,
costaber.com.github.omniflow.metrics.BenchmarkResolveWorkflowByFunctionsAndCalls.resolveOptimized,avgt,1,15,18.494908,0.053947,us/op,,,,50,,,1,,
costaber.com.github.omniflow.metrics.BenchmarkResolveWorkflowByFunctionsAndCalls.resolveOptimized,avgt,1,15,19.391490,0.038008,us/op,,,,50,,,5,,
costaber.com.github.omniflow.metrics.BenchmarkResolveWorkflowByFunctionsAndCalls.resolveOptimized,avgt,1,15,20.751390,0.092958,us/op,,,,50,,,10,,
costaber.com.github.omniflow.metrics.BenchmarkResolveWorkflowByFunctionsAndCalls.resolveOptimized,avgt,1,15,29.399600,0.065478,us/op,,,,50,,,50,,
costaber.com.github.omniflow.metrics.BenchmarkResolveWorkflowByFunctionsAndCalls.resolveOptimized,avgt,1,15,63.264198,0.403104,us/op,,,,50,,,200,,
costaber.com.github.omniflow.metrics.BenchmarkResolveWorkflowByInternalExternalMix.resolveOptimized,avgt,1,15,11.322916,0.086164,us/op,,,0,,0,,,,
costaber.com.github.omniflow.metrics.BenchmarkResolveWorkflowByInternalExternalMix.resolveOptimized,avgt,1,15,11.497991,0.061555,us/op,,,0,,1,,,,
costaber.com.github.omniflow.metrics.BenchmarkResolveWorkflowByInternalExternalMix.resolveOptimized,avgt,1,15,12.794036,0.100698,us/op,,,0,,5,,,,
costaber.com.github.omniflow.metrics.BenchmarkResolveWorkflowByInternalExternalMix.resolveOptimized,avgt,1,15,13.710810,0.071614,us/op,,,0,,10,,,,
costaber.com.github.omniflow.metrics.BenchmarkResolveWorkflowByInternalExternalMix.resolveOptimized,avgt,1,15,22.442173,0.157514,us/op,,,0,,50,,,,
costaber.com.github.omniflow.metrics.BenchmarkResolveWorkflowByInternalExternalMix.resolveOptimized,avgt,1,15,55.836803,0.358335,us/op,,,0,,200,,,,
costaber.com.github.omniflow.metrics.BenchmarkResolveWorkflowByInternalExternalMix.resolveOptimized,avgt,1,15,11.294113,0.024725,us/op,,,1,,0,,,,
costaber.com.github.omniflow.metrics.BenchmarkResolveWorkflowByInternalExternalMix.resolveOptimized,avgt,1,15,11.658680,0.035708,us/op,,,1,,1,,,,
costaber.com.github.omniflow.metrics.BenchmarkResolveWorkflowByInternalExternalMix.resolveOptimized,avgt,1,15,12.627530,0.048758,us/op,,,1,,5,,,,
costaber.com.github.omniflow.metrics.BenchmarkResolveWorkflowByInternalExternalMix.resolveOptimized,avgt,1,15,13.771321,0.148656,us/op,,,1,,10,,,,
costaber.com.github.omniflow.metrics.BenchmarkResolveWorkflowByInternalExternalMix.resolveOptimized,avgt,1,15,22.357874,0.065160,us/op,,,1,,50,,,,
costaber.com.github.omniflow.metrics.BenchmarkResolveWorkflowByInternalExternalMix.resolveOptimized,avgt,1,15,55.949024,0.424443,us/op,,,1,,200,,,,
costaber.com.github.omniflow.metrics.BenchmarkResolveWorkflowByInternalExternalMix.resolveOptimized,avgt,1,15,11.534859,0.059739,us/op,,,5,,0,,,,
costaber.com.github.omniflow.metrics.BenchmarkResolveWorkflowByInternalExternalMix.resolveOptimized,avgt,1,15,11.801960,0.096023,us/op,,,5,,1,,,,
costaber.com.github.omniflow.metrics.BenchmarkResolveWorkflowByInternalExternalMix.resolveOptimized,avgt,1,15,12.591729,0.062334,us/op,,,5,,5,,,,
costaber.com.github.omniflow.metrics.BenchmarkResolveWorkflowByInternalExternalMix.resolveOptimized,avgt,1,15,13.805355,0.037674,us/op,,,5,,10,,,,
costaber.com.github.omniflow.metrics.BenchmarkResolveWorkflowByInternalExternalMix.resolveOptimized,avgt,1,15,22.720261,0.213861,us/op,,,5,,50,,,,
costaber.com.github.omniflow.metrics.BenchmarkResolveWorkflowByInternalExternalMix.resolveOptimized,avgt,1,15,56.240051,0.595159,us/op,,,5,,200,,,,
costaber.com.github.omniflow.metrics.BenchmarkResolveWorkflowByInternalExternalMix.resolveOptimized,avgt,1,15,11.506140,0.023936,us/op,,,10,,0,,,,
costaber.com.github.omniflow.metrics.BenchmarkResolveWorkflowByInternalExternalMix.resolveOptimized,avgt,1,15,11.757471,0.058672,us/op,,,10,,1,,,,
costaber.com.github.omniflow.metrics.BenchmarkResolveWorkflowByInternalExternalMix.resolveOptimized,avgt,1,15,12.665026,0.113255,us/op,,,10,,5,,,,
costaber.com.github.omniflow.metrics.BenchmarkResolveWorkflowByInternalExternalMix.resolveOptimized,avgt,1,15,13.798874,0.221214,us/op,,,10,,10,,,,
costaber.com.github.omniflow.metrics.BenchmarkResolveWorkflowByInternalExternalMix.resolveOptimized,avgt,1,15,26.313268,2.408584,us/op,,,10,,50,,,,
costaber.com.github.omniflow.metrics.BenchmarkResolveWorkflowByInternalExternalMix.resolveOptimized,avgt,1,15,67.056367,0.736954,us/op,,,10,,200,,,,
costaber.com.github.omniflow.metrics.BenchmarkResolveWorkflowByInternalExternalMix.resolveOptimized,avgt,1,15,13.918727,0.684246,us/op,,,50,,0,,,,
costaber.com.github.omniflow.metrics.BenchmarkResolveWorkflowByInternalExternalMix.resolveOptimized,avgt,1,15,14.443711,2.282034,us/op,,,50,,1,,,,
costaber.com.github.omniflow.metrics.BenchmarkResolveWorkflowByInternalExternalMix.resolveOptimized,avgt,1,15,12.934078,0.329196,us/op,,,50,,5,,,,
costaber.com.github.omniflow.metrics.BenchmarkResolveWorkflowByInternalExternalMix.resolveOptimized,avgt,1,15,13.972170,0.150254,us/op,,,50,,10,,,,
costaber.com.github.omniflow.metrics.BenchmarkResolveWorkflowByInternalExternalMix.resolveOptimized,avgt,1,15,22.775136,0.467322,us/op,,,50,,50,,,,
costaber.com.github.omniflow.metrics.BenchmarkResolveWorkflowByInternalExternalMix.resolveOptimized,avgt,1,15,57.423297,2.269857,us/op,,,50,,200,,,,
costaber.com.github.omniflow.metrics.BenchmarkResolveWorkflowByInternalExternalMix.resolveOptimized,avgt,1,15,12.650373,0.085914,us/op,,,200,,0,,,,
costaber.com.github.omniflow.metrics.BenchmarkResolveWorkflowByInternalExternalMix.resolveOptimized,avgt,1,15,12.733934,0.081292,us/op,,,200,,1,,,,
costaber.com.github.omniflow.metrics.BenchmarkResolveWorkflowByInternalExternalMix.resolveOptimized,avgt,1,15,13.746911,0.092472,us/op,,,200,,5,,,,
costaber.com.github.omniflow.metrics.BenchmarkResolveWorkflowByInternalExternalMix.resolveOptimized,avgt,1,15,14.715319,0.092709,us/op,,,200,,10,,,,
costaber.com.github.omniflow.metrics.BenchmarkResolveWorkflowByInternalExternalMix.resolveOptimized,avgt,1,15,23.199249,0.201988,us/op,,,200,,50,,,,
costaber.com.github.omniflow.metrics.BenchmarkResolveWorkflowByInternalExternalMix.resolveOptimized,avgt,1,15,56.793981,0.700176,us/op,,,200,,200,,,,
costaber.com.github.omniflow.metrics.BenchmarkResolveWorkflowByRegistrySize.resolveNaive,avgt,1,15,589.035295,17.775390,us/op,,,,,,,,10,
costaber.com.github.omniflow.metrics.BenchmarkResolveWorkflowByRegistrySize.resolveNaive,avgt,1,15,665.787534,9.235974,us/op,,,,,,,,20,
costaber.com.github.omniflow.metrics.BenchmarkResolveWorkflowByRegistrySize.resolveNaive,avgt,1,15,930.305077,6.721615,us/op,,,,,,,,50,
costaber.com.github.omniflow.metrics.BenchmarkResolveWorkflowByRegistrySize.resolveNaive,avgt,1,15,1377.502702,20.710846,us/op,,,,,,,,100,
costaber.com.github.omniflow.metrics.BenchmarkResolveWorkflowByRegistrySize.resolveNaive,avgt,1,15,2245.950341,48.985667,us/op,,,,,,,,200,
costaber.com.github.omniflow.metrics.BenchmarkResolveWorkflowByRegistrySize.resolveNaive,avgt,1,15,9486.660561,65.243342,us/op,,,,,,,,1000,
costaber.com.github.omniflow.metrics.BenchmarkResolveWorkflowByRegistrySize.resolveOptimized,avgt,1,15,22.574188,0.269395,us/op,,,,,,,,10,
costaber.com.github.omniflow.metrics.BenchmarkResolveWorkflowByRegistrySize.resolveOptimized,avgt,1,15,23.882777,0.490392,us/op,,,,,,,,20,
costaber.com.github.omniflow.metrics.BenchmarkResolveWorkflowByRegistrySize.resolveOptimized,avgt,1,15,29.296434,0.473429,us/op,,,,,,,,50,
costaber.com.github.omniflow.metrics.BenchmarkResolveWorkflowByRegistrySize.resolveOptimized,avgt,1,15,37.785010,0.249462,us/op,,,,,,,,100,
costaber.com.github.omniflow.metrics.BenchmarkResolveWorkflowByRegistrySize.resolveOptimized,avgt,1,15,54.902611,0.217872,us/op,,,,,,,,200,
costaber.com.github.omniflow.metrics.BenchmarkResolveWorkflowByRegistrySize.resolveOptimized,avgt,1,15,204.982447,4.423306,us/op,,,,,,,,1000,
costaber.com.github.omniflow.metrics.BenchmarkResolveWorkflowByRegistrySizeMixed.resolveOptimized,avgt,1,15,20.361902,0.221766,us/op,,,,,,,,10,
costaber.com.github.omniflow.metrics.BenchmarkResolveWorkflowByRegistrySizeMixed.resolveOptimized,avgt,1,15,22.218336,0.401268,us/op,,,,,,,,20,
costaber.com.github.omniflow.metrics.BenchmarkResolveWorkflowByRegistrySizeMixed.resolveOptimized,avgt,1,15,27.296640,0.146268,us/op,,,,,,,,50,
costaber.com.github.omniflow.metrics.BenchmarkResolveWorkflowByRegistrySizeMixed.resolveOptimized,avgt,1,15,36.186390,0.440564,us/op,,,,,,,,100,
costaber.com.github.omniflow.metrics.BenchmarkResolveWorkflowByRegistrySizeMixed.resolveOptimized,avgt,1,15,53.683153,0.931870,us/op,,,,,,,,200,
costaber.com.github.omniflow.metrics.BenchmarkResolveWorkflowByRegistrySizeMixed.resolveOptimized,avgt,1,15,198.649382,2.539660,us/op,,,,,,,,1000,
